200	1965855	p515.pdf	https://www.irs.gov/pub/irs-pdf/p515.pdf
200	2080184	p519.pdf	https://www.irs.gov/pub/irs-pdf/p519.pdf
200	340034	f1120.pdf	https://www.irs.gov/pub/irs-pdf/f1120.pdf
200	513320	i1120.pdf	https://www.irs.gov/pub/irs-pdf/i1120.pdf
200	150777	f5472.pdf	https://www.irs.gov/pub/irs-pdf/f5472.pdf
200	191268	i5472.pdf	https://www.irs.gov/pub/irs-pdf/i5472.pdf
200	146431	f1042.pdf	https://www.irs.gov/pub/irs-pdf/f1042.pdf
200	230832	f1042s.pdf	https://www.irs.gov/pub/irs-pdf/f1042s.pdf
200	67700	fw8ben.pdf	https://www.irs.gov/pub/irs-pdf/fw8ben.pdf
200	195248	iw8ben.pdf	https://www.irs.gov/pub/irs-pdf/iw8ben.pdf
200	314634	fw8bene.pdf	https://www.irs.gov/pub/irs-pdf/fw8bene.pdf
200	300653	iw8bene.pdf	https://www.irs.gov/pub/irs-pdf/iw8bene.pdf
200	95023	f8288.pdf	https://www.irs.gov/pub/irs-pdf/f8288.pdf
200	248253	i8288.pdf	https://www.irs.gov/pub/irs-pdf/i8288.pdf
200	98949	f8288a.pdf	https://www.irs.gov/pub/irs-pdf/f8288a.pdf
200	120007	f8288b.pdf	https://www.irs.gov/pub/irs-pdf/f8288b.pdf
404	85697	i8288b.pdf	https://www.irs.gov/pub/irs-pdf/i8288b.pdf
200	120818	f8990.pdf	https://www.irs.gov/pub/irs-pdf/f8990.pdf
200	310574	i8990.pdf	https://www.irs.gov/pub/irs-pdf/i8990.pdf
200	194293	f706na.pdf	https://www.irs.gov/pub/irs-pdf/f706na.pdf
200	212851	i706na.pdf	https://www.irs.gov/pub/irs-pdf/i706na.pdf
200	82907	belgium.pdf	https://www.irs.gov/pub/irs-trty/belgium.pdf
404	85709	belgiumtech.pdf	https://www.irs.gov/pub/irs-trty/belgiumtech.pdf
404	85691	uk.pdf	https://www.irs.gov/pub/irs-trty/uk.pdf
200	192466	uktech.pdf	https://www.irs.gov/pub/irs-trty/uktech.pdf
200	67700	fw8ben.pdf	https://www.irs.gov/pub/irs-pdf/fw8ben.pdf
200	195248	iw8ben.pdf	https://www.irs.gov/pub/irs-pdf/iw8ben.pdf
200	314634	fw8bene.pdf	https://www.irs.gov/pub/irs-pdf/fw8bene.pdf
000	300653	iw8bene.pdf	https://www.irs.gov/pub/irs-pdf/iw8bene.pdf
200	95023	f8288.pdf	https://www.irs.gov/pub/irs-pdf/f8288.pdf
200	248253	i8288.pdf	https://www.irs.gov/pub/irs-pdf/i8288.pdf
200	98949	f8288a.pdf	https://www.irs.gov/pub/irs-pdf/f8288a.pdf
200	120007	f8288b.pdf	https://www.irs.gov/pub/irs-pdf/f8288b.pdf
404	85697	i8288b.pdf	https://www.irs.gov/pub/irs-pdf/i8288b.pdf
200	120818	f8990.pdf	https://www.irs.gov/pub/irs-pdf/f8990.pdf
200	314634	fw8bene.pdf	https://www.irs.gov/pub/irs-pdf/fw8bene.pdf
200	310574	i8990.pdf	https://www.irs.gov/pub/irs-pdf/i8990.pdf
200	300653	iw8bene.pdf	https://www.irs.gov/pub/irs-pdf/iw8bene.pdf
200	194293	f706na.pdf	https://www.irs.gov/pub/irs-pdf/f706na.pdf
200	95023	f8288.pdf	https://www.irs.gov/pub/irs-pdf/f8288.pdf
200	212851	i706na.pdf	https://www.irs.gov/pub/irs-pdf/i706na.pdf
200	248253	i8288.pdf	https://www.irs.gov/pub/irs-pdf/i8288.pdf
200	82907	belgium.pdf	https://www.irs.gov/pub/irs-trty/belgium.pdf
200	98949	f8288a.pdf	https://www.irs.gov/pub/irs-pdf/f8288a.pdf
404	85709	belgiumtech.pdf	https://www.irs.gov/pub/irs-trty/belgiumtech.pdf
200	120007	f8288b.pdf	https://www.irs.gov/pub/irs-pdf/f8288b.pdf
404	85691	uk.pdf	https://www.irs.gov/pub/irs-trty/uk.pdf
404	85697	i8288b.pdf	https://www.irs.gov/pub/irs-pdf/i8288b.pdf
200	120818	f8990.pdf	https://www.irs.gov/pub/irs-pdf/f8990.pdf
200	192466	uktech.pdf	https://www.irs.gov/pub/irs-trty/uktech.pdf
200	310574	i8990.pdf	https://www.irs.gov/pub/irs-pdf/i8990.pdf
200	194293	f706na.pdf	https://www.irs.gov/pub/irs-pdf/f706na.pdf
200	212851	i706na.pdf	https://www.irs.gov/pub/irs-pdf/i706na.pdf
200	82907	belgium.pdf	https://www.irs.gov/pub/irs-trty/belgium.pdf
404	85709	belgiumtech.pdf	https://www.irs.gov/pub/irs-trty/belgiumtech.pdf
404	85691	uk.pdf	https://www.irs.gov/pub/irs-trty/uk.pdf
200	192466	uktech.pdf	https://www.irs.gov/pub/irs-trty/uktech.pdf
200	248253	i8288.pdf	https://www.irs.gov/pub/irs-pdf/i8288.pdf
200	98949	f8288a.pdf	https://www.irs.gov/pub/irs-pdf/f8288a.pdf
200	120007	f8288b.pdf	https://www.irs.gov/pub/irs-pdf/f8288b.pdf
404	85697	i8288b.pdf	https://www.irs.gov/pub/irs-pdf/i8288b.pdf
200	120818	f8990.pdf	https://www.irs.gov/pub/irs-pdf/f8990.pdf
200	310574	i8990.pdf	https://www.irs.gov/pub/irs-pdf/i8990.pdf
200	194293	f706na.pdf	https://www.irs.gov/pub/irs-pdf/f706na.pdf
200	212851	i706na.pdf	https://www.irs.gov/pub/irs-pdf/i706na.pdf
200	82907	belgium.pdf	https://www.irs.gov/pub/irs-trty/belgium.pdf
404	85709	belgiumtech.pdf	https://www.irs.gov/pub/irs-trty/belgiumtech.pdf
404	85691	uk.pdf	https://www.irs.gov/pub/irs-trty/uk.pdf
200	192466	uktech.pdf	https://www.irs.gov/pub/irs-trty/uktech.pdf
200	101511	belgtech.pdf	https://www.irs.gov/pub/irs-trty/belgtech.pdf
200	131564	belgiumtt06.pdf	https://www.irs.gov/pub/irs-trty/belgiumtt06.pdf
200	52647	belgiumprot06.pdf	https://www.irs.gov/pub/irs-trty/belgiumprot06.pdf
200	495095	belgiumte07.pdf	https://www.irs.gov/pub/irs-trty/belgiumte07.pdf
200	280707	Treaty-UK-7-24-2001.pdf	https://home.treasury.gov/system/files/131/Treaty-UK-7-24-2001.pdf
200	1680765	Treaty-UK-Protocol-TE-7-22-2002.pdf	https://home.treasury.gov/system/files/131/Treaty-UK-Protocol-TE-7-22-2002.pdf
200	35542	Treaty-UK-Protocol-7-19-2002.pdf	https://home.treasury.gov/system/files/131/Treaty-UK-Protocol-7-19-2002.pdf
200	161018	Treaty-UK-Notes-7-24-2001.pdf	https://home.treasury.gov/system/files/131/Treaty-UK-Notes-7-24-2001.pdf
